{
  "framework_name": "IronSourceSDK.framework",
  "static_framework": false,
  "resources": [

  ],
  "resource_bundles": [

  ],
  "build_settings": {
    "ASSETCATALOG_COMPILER_APPICON_NAME": "AppIcon",
    "ASSETCATALOG_COMPILER_GLOBAL_ACCENT_COLOR_NAME": "AccentColor",
    "CLANG_ENABLE_OBJC_WEAK": "NO",
    "IPHONEOS_DEPLOYMENT_TARGET": "14.0",
    "LD_RUNPATH_SEARCH_PATHS": [
      "$(inherited)",
      "@executable_path/Frameworks"
    ],
    "SDKROOT": "iphoneos",
    "TARGETED_DEVICE_FAMILY": "1,2"
  },
  "source_hash": null,
  "project_root": "/Users/donggyushin/Documents/heymoon"
}